DATE,UNRATE,UIBEN,PSAVE,CREDEBT,CPI,LABPART,EMPLVL,UNEMPLOY,NINLAB,CIVPART,POPTHM
1/1/1976,7.9,18.3,11.7,205.52079,0.18018018,61.3,87400,7534,59919,61.3,217172
2/1/1976,7.7,17.2,12.3,206.70929,0.35971223,61.3,87672,7326,60068,61.3,217315
3/1/1976,7.6,17.5,12.2,208.33857,0.17921147,61.3,87985,7230,60091,61.3,217455
4/1/1976,7.7,16.7,11.7,210.50006,0.357781753,61.6,88416,7330,59783,61.6,217607
5/1/1976,7.4,16,12.3,211.40742,0.713012478,61.5,88794,7053,59918,61.5,217773
6/1/1976,7.6,16.1,11.4,213.2401,0.530973451,61.5,88563,7322,60142,61.5,217948
7/1/1976,7.8,16.3,11.7,215.2727,0.528169014,61.8,89093,7490,59693,61.8,218134
8/1/1976,7.8,16.2,11.7,216.50986,0.525394046,61.8,89223,7518,59784,61.8,218337
9/1/1976,7.6,15.8,11.4,218.70878,0.348432056,61.6,89173,7380,60226,61.6,218542
10/1/1976,7.7,15.2,11.1,220.8671,0.520833333,61.6,89274,7430,60289,61.6,218739
11/1/1976,7.8,15.5,11.4,222.80491,0.172711572,61.9,89634,7620,59981,61.9,218920
12/1/1976,7.8,15.8,10.6,225.72159,0.344827586,61.8,89803,7545,60090,61.8,219093
1/1/1977,7.5,15.4,10.6,225.73315,0.515463918,61.6,89928,7280,60480,61.6,219262
2/1/1977,7.6,15.1,9.3,228.52821,1.025641026,61.9,90342,7443,60128,61.9,219424
3/1/1977,7.4,16,10.5,232.34827,0.676818951,62,90808,7307,60016,62,219594
4/1/1977,7.2,13.8,10.5,235.59405,0.840336134,62.1,91271,7059,60041,62.1,219772
5/1/1977,7,13.3,10.3,239.01809,0.5,62.2,91754,6911,59992,62.2,219953
6/1/1977,7.2,12.8,10.6,242.40858,0.663349917,62.4,91959,7134,59836,62.4,220143
7/1/1977,6.9,12,10.5,245.48106,0.494233937,62.1,92084,6829,60272,62.1,220349
8/1/1977,7,12.2,10.9,248.47453,0.327868852,62.3,92441,6925,60064,62.3,220573
9/1/1977,6.8,11.5,11.1,251.2618,0.326797386,62.3,92702,6751,60221,62.3,220796
10/1/1977,6.8,12,11,255.41564,0.325732899,62.4,93052,6763,60100,62.4,221007
11/1/1977,6.8,11.9,11.2,258.77291,0.487012987,62.8,93761,6815,59553,62.8,221206
12/1/1977,6.4,11.6,11.4,260.5627,0.323101777,62.7,94105,6386,59886,62.7,221390
1/1/1978,6.4,11.1,11.9,262.76532,0.644122383,62.8,94384,6489,59744,62.8,221553
2/1/1978,6.3,10.8,11.1,265.73802,0.64,62.7,94519,6318,59994,62.7,221711
3/1/1978,6.3,10.4,11,270.26281,0.79491256,62.8,94755,6337,59946,62.8,221892
4/1/1978,6.1,9.8,10.8,274.13698,0.788643533,63,95394,6180,59689,63,222084
5/1/1978,6,9.4,10.3,279.25657,0.938967136,63.1,95769,6127,59622,63.1,222278
6/1/1978,5.9,9,10,285.10077,1.085271318,63.3,96343,6028,59424,63.3,222482
7/1/1978,6.2,9.1,10.9,288.80554,0.766871166,63.2,96090,6309,59635,63.2,222697
8/1/1978,5.9,9.4,10.5,292.81311,0.456621005,63.2,96431,6080,59748,63.2,222933
9/1/1978,6,8.7,10.6,296.17942,0.757575758,63.3,96670,6125,59707,63.3,223168
10/1/1978,5.8,8.6,10.7,298.81249,0.902255639,63.3,97133,5947,59703,63.3,223383
11/1/1978,5.9,8.3,10.5,302.7302,0.44709389,63.5,97485,6077,59455,63.5,223585
12/1/1978,6,8.6,10.4,306.10039,0.445103858,63.6,97581,6228,59463,63.6,223781
1/1/1979,5.9,9.3,11.1,309.90309,0.886262925,63.6,97948,6109,59459,63.6,223973
2/1/1979,5.9,9.4,11.1,313.52378,1.171303075,63.8,98329,6173,59224,63.8,224150
3/1/1979,5.8,9.5,11.2,317.20074,1.013024602,63.8,98480,6109,59438,63.8,224333
4/1/1979,5.8,9.5,11,320.94487,1.146131805,63.5,98103,6069,59990,63.5,224529
5/1/1979,5.6,9.4,10.3,325.17739,1.274787535,63.3,98331,5840,60288,63.3,224734
6/1/1979,5.7,8.8,9.9,328.17274,1.118881119,63.5,98679,5959,60082,63.5,224948
7/1/1979,5.7,9.3,10.6,331.98999,1.106500692,63.6,99006,5996,59968,63.6,225174
8/1/1979,6,9.8,9.7,335.78546,0.957592339,63.6,98776,6320,60102,63.6,225419
9/1/1979,5.9,9.9,9.4,339.44975,1.08401084,63.8,99340,6190,59901,63.8,225662
10/1/1979,6,10.1,9.7,343.2513,0.804289544,63.7,99404,6296,60113,63.7,225893
11/1/1979,5.9,10.5,9.7,346.38941,0.930851064,63.7,99574,6238,60239,63.7,226120
12/1/1979,6,11.1,10.1,348.58911,1.054018445,63.9,99933,6325,60042,63.9,226339
1/1/1980,6.3,11.8,9.9,350.4757,1.434159061,64,99879,6683,59982,64,226554
2/1/1980,6.3,11.8,10.1,353.05623,1.413881748,64,99995,6702,60062,64,226753
3/1/1980,6.3,12.3,10.2,353.04211,1.520912548,63.7,99713,6729,60542,63.7,226955
4/1/1980,6.9,14.2,11.3,351.28721,1.123595506,63.8,99233,7358,60606,63.8,227156
5/1/1980,7.5,15.7,11.4,348.64454,0.987654321,63.9,98945,7984,60478,63.9,227387
6/1/1980,7.6,17.1,11.2,346.69696,1.100244499,63.7,98682,8098,60863,63.7,227624
7/1/1980,7.8,19.1,11.3,347.07137,0,63.8,98796,8363,60773,63.8,227840
8/1/1980,7.7,18.1,11.3,347.54601,0.725513906,63.7,98824,8281,60998,63.7,228070
9/1/1980,7.5,19.7,11.7,348.16314,0.840336134,63.6,99077,8021,61199,63.6,228302
10/1/1980,7.5,18.8,11.3,349.59772,0.952380952,63.7,99317,8088,61098,63.7,228515
11/1/1980,7.5,17.5,11.6,350.00449,0.825471698,63.8,99545,8023,61127,63.8,228696
12/1/1980,7.2,17.2,11.4,351.92005,0.935672515,63.6,99634,7718,61531,63.6,228858
1/1/1981,7.5,17,10.9,353.02932,0.811123986,63.9,99955,8071,61078,63.9,229004
2/1/1981,7.4,16.1,10.8,354.74499,1.034482759,63.9,100191,8051,61038,63.9,229148
3/1/1981,7.4,16.2,10.8,357.12713,0.682593857,64.1,100571,7982,60900,64.1,229314
4/1/1981,7.2,15.9,10.9,359.13287,0.677966102,64.2,101056,7869,60716,64.2,229489
5/1/1981,7.5,15.3,11,361.2328,0.785634119,64.3,101048,8174,60607,64.3,229668
6/1/1981,7.5,15.3,10.8,362.74346,0.890868597,63.7,100298,8098,61646,63.7,229864
7/1/1981,7.2,15,12.3,364.67773,1.103752759,63.8,100693,7863,61690,63.8,230077
8/1/1981,7.4,14.6,12,365.15446,0.76419214,63.8,100689,8036,61674,63.8,230300
9/1/1981,7.6,15.2,12.4,369.59574,0.975081257,63.5,100064,8230,62299,63.5,230527
10/1/1981,7.9,15.3,13,370.45671,0.214592275,63.8,100378,8646,61785,63.8,230732
11/1/1981,8.3,16.4,13.2,371.75991,0.321199143,63.9,100207,9029,61760,63.9,230906
12/1/1981,8.5,18.2,12.5,371.30144,0.320170758,63.6,99645,9267,62254,63.6,231073
1/1/1982,8.6,17.7,12.7,375.16736,0.319148936,63.7,99692,9397,62246,63.7,231235
2/1/1982,8.9,18.8,12.1,376.37707,0.318133616,63.8,99762,9705,62022,63.8,231392
3/1/1982,9,20.9,12.2,376.88541,-0.105708245,63.8,99672,9895,62100,63.8,231558
4/1/1982,9.3,23.1,12.9,378.63428,0.423280423,63.9,99576,10244,62024,63.9,231727
5/1/1982,9.4,23.9,12.3,380.4388,0.948366702,64.2,100116,10335,61575,64.2,231901
6/1/1982,9.6,24.7,12.3,381.98562,1.252609603,63.9,99543,10538,62109,63.9,232090
7/1/1982,9.8,25,12.5,382.4471,0.515463918,64,99493,10849,62022,64,232290
8/1/1982,9.8,25.5,12.6,382.86264,0.205128205,64.1,99633,10881,61997,64.1,232496
9/1/1982,10.1,27.8,11.8,384.35525,0.204708291,64.1,99504,11217,61969,64.1,232708
10/1/1982,10.4,31.7,11.3,384.96719,0.306435138,64.1,99215,11529,62137,64.1,232905
11/1/1982,10.8,32.2,10.9,386.76665,-0.203665988,64.2,99112,11938,62008,64.2,233077
12/1/1982,10.8,31.5,10.9,389.84874,-0.408163265,64.1,99032,12051,62116,64.1,233241
1/1/1983,10.4,29,11.1,391.82773,0.204918033,63.9,99161,11534,62659,63.9,233398
2/1/1983,10.4,30.2,11.1,392.36096,0.102249489,63.8,99089,11545,62871,63.8,233543
3/1/1983,10.3,31.6,10.6,395.58305,0,63.7,99179,11408,63069,63.7,233697
4/1/1983,10.2,30.6,10.3,398.42671,0.715015322,63.8,99560,11268,62966,63.8,233852
5/1/1983,10.1,34.3,9.9,399.95372,0.60851927,63.7,99642,11154,63157,63.7,234020
6/1/1983,10.1,31.4,9.1,404.8326,0.302419355,64.3,100633,11246,62246,64.3,234213
7/1/1983,9.4,24.8,9.6,409.47521,0.40201005,64.1,101208,10548,62550,64.1,234404
8/1/1983,9.5,24,9.2,413.99357,0.3003003,64.3,101608,10623,62209,64.3,234601
9/1/1983,9.2,21.2,9.6,417.82094,0.499001996,64.3,102016,10282,62304,64.3,234804
10/1/1983,8.8,19.4,9.7,423.773,0.297914598,64,102039,9887,62853,64,234993
11/1/1983,8.5,20.4,10.3,429.97738,0.198019802,64.1,102729,9499,62723,64.1,235157
12/1/1983,8.3,20,10.1,437.06886,0.098814229,64.1,102996,9331,62794,64.1,235310
1/1/1984,8,18.2,10,441.99113,0.592300099,63.9,103201,9008,63324,63.9,235456
2/1/1984,7.8,17.1,11.7,451.90703,0.490677134,64.1,103824,8791,63064,64.1,235601
3/1/1984,7.8,16.4,11.5,456.55016,0.1953125,64.1,103967,8746,63111,64.1,235757
4/1/1984,7.7,15.8,11.5,462.14122,0.487329435,64.3,104336,8762,62871,64.3,235916
5/1/1984,7.4,16.1,11.1,472.44428,0.290979631,64.5,105193,8456,62474,64.5,236077
6/1/1984,7.2,15.1,11.1,480.99454,0.290135397,64.6,105591,8226,62467,64.6,236254
7/1/1984,7.5,15,11.6,487.1488,0.385728062,64.6,105435,8537,62468,64.6,236449
8/1/1984,7.5,15.3,11.8,494.11763,0.384245917,64.4,105163,8519,62901,64.4,236655
9/1/1984,7.3,15.1,11.8,498.4964,0.4784689,64.4,105490,8367,62906,64.4,236868
10/1/1984,7.4,15.8,11.7,504.65866,0.285714286,64.4,105638,8381,62937,64.4,237068
11/1/1984,7.2,15.9,10.9,510.15408,0,64.5,105972,8198,62965,64.5,237238
12/1/1984,7.3,16,11.2,517.27898,0,64.6,106223,8358,62725,64.6,237392
1/1/1985,7.3,17,10.3,523.97936,0.189933523,64.7,106302,8423,62659,64.7,237535
2/1/1985,7.2,16.8,9.1,532.44843,0.473933649,64.7,106555,8321,62640,64.7,237667
3/1/1985,7.2,16.9,8.7,541.75718,0.377358491,64.9,106989,8339,62339,64.9,237816
4/1/1985,7.3,16.6,9.9,549.34871,0.469924812,64.9,106936,8395,62468,64.9,237987
5/1/1985,7.2,16.2,11.1,555.84205,0.374181478,64.8,106932,8302,62710,64.8,238172
6/1/1985,7.4,15,9.6,561.2066,0.279589935,64.6,106505,8460,63131,64.6,238368
7/1/1985,7.4,15.1,9.1,567.653,0.185873606,64.7,106807,8513,62943,64.7,238573
8/1/1985,7.1,14.8,8.2,573.29931,0.185528757,64.6,107095,8196,63114,64.6,238789
9/1/1985,7.1,15.1,7.3,582.14837,0.277777778,64.9,107657,8248,62667,64.9,239006
10/1/1985,7.1,15.7,9.1,588.30745,0.369344414,65,107847,8298,62625,65,239210
11/1/1985,7,15.4,9,594.47775,0.27598896,64.9,108007,8128,62805,64.9,239392
12/1/1985,7,15.8,8.6,599.71123,0.275229358,65,108216,8138,62758,65,239558
1/1/1986,6.7,15.7,8.6,605.70302,0.274473925,64.9,108887,7795,62988,64.9,239713
2/1/1986,7.2,15.5,9.3,610.67829,-0.273722628,65,108480,8402,62939,65,239858
3/1/1986,7.2,15.6,9.9,613.37662,-0.457456542,65.1,108837,8383,62765,65.1,240011
4/1/1986,7.1,16.3,9.7,619.65773,-0.183823529,65.1,108952,8364,62832,65.1,240183
5/1/1986,7.2,16.4,9.3,625.81996,0.276243094,65.2,109089,8439,62783,65.2,240365
6/1/1986,7.2,16.5,9.4,630.05583,0.550964187,65.4,109576,8508,62419,65.4,240555
7/1/1986,7,17,9.3,635.15095,0,65.4,109810,8319,62553,65.4,240753
8/1/1986,6.9,16.7,9,638.90439,0.182648402,65.3,110015,8135,62678,65.3,240961
9/1/1986,7,17.1,7.2,646.02316,0.455788514,65.4,110085,8310,62602,65.4,241171
10/1/1986,7,17,8.4,653.78729,0.090744102,65.4,110273,8243,62670,65.4,241371
11/1/1986,6.9,16.7,8.8,653.7673,0.090661831,65.4,110475,8159,62729,65.4,241544
12/1/1986,6.6,16.9,7,654.75024,0.09057971,65.3,110728,7883,62936,65.3,241702
1/1/1987,6.6,15.1,9.7,653.26748,0.633484163,65.4,110953,7892,62982,65.4,241857
2/1/1987,6.6,15.6,8.5,652.5323,0.35971223,65.5,111257,7865,62876,65.5,242005
3/1/1987,6.6,15.6,8.5,651.19767,0.448028674,65.5,111408,7862,62909,65.5,242166
4/1/1987,6.3,15.3,4.5,656.40142,0.535236396,65.4,111794,7542,63008,65.4,242338
5/1/1987,6.3,14.8,8.2,658.47003,0.354924579,65.7,112434,7574,62525,65.7,242516
6/1/1987,6.2,15.2,7.7,662.8975,0.353669319,65.5,112246,7398,63059,65.5,242706
7/1/1987,6.1,14.7,7.5,667.65979,0.264317181,65.6,112634,7268,62983,65.6,242908
8/1/1987,6,14.4,7.2,672.22514,0.527240773,65.7,113057,7261,62684,65.7,243118
9/1/1987,5.9,14.2,7.6,676.21116,0.524475524,65.5,112909,7102,63150,65.5,243335
10/1/1987,6,13.3,8.3,681.18446,0.260869565,65.7,113282,7227,62802,65.7,243543
11/1/1987,5.8,13.3,8.5,684.71004,0.086730269,65.7,113505,7035,62930,65.7,243724
12/1/1987,5.7,13.9,8.7,686.31877,0,65.7,113793,6936,62891,65.7,243895
1/1/1988,5.7,13.6,8.1,692.27095,0.259965338,65.8,114016,6953,62853,65.8,244056
2/1/1988,5.7,14,8.6,696.38729,0.259291271,65.9,114227,6929,62813,65.9,244205
3/1/1988,5.7,14.1,8.2,700.7012,0.431034483,65.7,114037,6876,63198,65.7,244362
4/1/1988,5.4,13,8.8,705.86805,0.515021459,65.8,114650,6601,62981,65.8,244528
5/1/1988,5.6,13.3,8.4,710.04585,0.341588386,65.7,114292,6779,63303,65.7,244708
6/1/1988,5.4,13.3,8.4,713.18919,0.425531915,65.8,114927,6546,63089,65.8,244914
7/1/1988,5.4,12.9,8.6,716.11302,0.423728814,65.9,115060,6605,63064,65.9,245131
8/1/1988,5.6,13.8,8.4,721.53558,0.421940928,66.1,115282,6843,62705,66.1,245352
9/1/1988,5.4,13.1,8.9,722.94769,0.672268908,65.9,115356,6604,63002,65.9,245579
10/1/1988,5.4,12.8,8.6,726.10533,0.333889816,66,115638,6568,62908,66,245789
11/1/1988,5.3,13.3,8.4,729.66007,0.083194676,66.2,116100,6537,62607,66.2,245970
12/1/1988,5.3,13,8.3,731.91776,0.166251039,66.1,116104,6518,62780,66.1,246140
1/1/1989,5.4,13.5,8.5,749.02308,0.497925311,66.5,116708,6682,62254,66.5,246301
2/1/1989,5.2,13.4,9,752.893,0.412881916,66.3,116776,6359,62642,66.3,246454
3/1/1989,5,13.7,9.5,760.01834,0.575657895,66.3,117022,6205,62670,66.3,246626
4/1/1989,5.2,13.6,8.4,764.71245,0.654129191,66.4,117097,6468,62459,66.4,246814
5/1/1989,5.2,13.8,8.1,769.2757,0.568643379,66.3,117099,6375,62707,66.3,247010
6/1/1989,5.3,13.8,8.2,773.22711,0.242326333,66.5,117418,6577,62334,66.5,247228
7/1/1989,5.2,14.4,8.2,776.26008,0.241740532,66.5,117472,6495,62516,66.5,247458
8/1/1989,5.2,14.8,7.6,778.8765,0.160771704,66.5,117655,6511,62432,66.5,247695
9/1/1989,5.3,14.7,8.1,781.82209,0.321027287,66.4,117354,6590,62782,66.4,247942
10/1/1989,5.3,15.6,8.5,785.54565,0.48,66.5,117581,6630,62660,66.5,248174
11/1/1989,5.4,15.8,8.6,790.29725,0.238853503,66.6,117912,6725,62380,66.6,248380
12/1/1989,5.4,15.8,7.8,794.61218,0.158856235,66.5,117830,6667,62668,66.5,248569
1/1/1990,5.4,16.8,8,797.71486,1.030927835,66.8,119081,6752,62580,66.8,248743
2/1/1990,5.3,16.4,8.6,798.77319,0.470957614,66.7,119059,6651,62806,66.7,248920
3/1/1990,5.2,16.1,8.3,798.74809,0.546875,66.7,119203,6598,62829,66.7,249146
4/1/1990,5.4,16.7,8.8,798.74701,0.155400155,66.6,118852,6797,63129,66.6,249436
5/1/1990,5.4,17.5,8.7,799.75103,0.232738557,66.6,119151,6742,63020,66.6,249707
6/1/1990,5.2,17.1,8.6,802.89274,0.541795666,66.4,118983,6590,63485,66.4,249990
7/1/1990,5.5,18.1,8.7,806.8875,0.38491147,66.5,118810,6922,63456,66.5,250285
8/1/1990,5.7,17.5,8.1,808.75857,0.920245399,66.5,118802,7188,63352,66.5,250595
9/1/1990,5.9,19,8.1,810.43623,0.835866261,66.4,118524,7368,63636,66.4,250904
10/1/1990,5.9,20.1,7.8,812.65511,0.602863602,66.4,118536,7459,63715,66.4,251201
11/1/1990,6.2,20.7,7.9,813.66266,0.224719101,66.4,118306,7764,63802,66.4,251486
12/1/1990,6.3,22.2,8.8,808.23057,0,66.4,118241,7901,63875,66.4,251758
1/1/1991,6.4,23.5,9.3,806.6005,0.597907324,66.2,117940,8015,64208,66.2,252012
2/1/1991,6.6,24.2,8.8,807.03043,0.14858841,66.2,117755,8265,64251,66.2,252253
3/1/1991,6.8,25.2,8,808.35183,0.148367953,66.3,117652,8586,64143,66.3,252507
4/1/1991,6.7,27.3,8.6,807.81895,0.148148148,66.4,118109,8439,63969,66.4,252778
5/1/1991,6.9,27.6,8.4,807.83216,0.295857988,66.2,117440,8736,64474,66.2,253060
6/1/1991,6.9,27.5,8.9,805.99466,0.294985251,66.2,117639,8692,64469,66.2,253350
7/1/1991,6.8,26.9,8.2,804.02756,0.147058824,66.1,117568,8586,64792,66.1,253650
8/1/1991,6.9,24.7,8.6,802.02192,0.293685756,66,117484,8666,64966,66,253966
9/1/1991,6.9,26.2,8.8,800.88934,0.439238653,66.2,117928,8722,64652,66.2,254280
10/1/1991,7,26.8,9.3,798.61698,0.145772595,66.1,117800,8842,64855,66.1,254576
11/1/1991,7,26.1,9,798.27498,0.291120815,66.1,117770,8931,64956,66.1,254841
12/1/1991,7.3,35.1,9.7,798.02897,0.07256894,66,117466,9198,65134,66,255089
1/1/1992,7.3,39.2,9.4,798.98271,0.145032632,66.3,117978,9283,64692,66.3,255331
2/1/1992,7.4,38.7,9.8,799.64038,0.362056481,66.2,117753,9454,64860,66.2,255576
3/1/1992,7.4,41.2,9.7,799.44211,0.505050505,66.4,118144,9460,64600,66.4,255848
4/1/1992,7.4,42.1,9.9,797.65814,0.143575018,66.5,118426,9415,64513,66.5,256139
5/1/1992,7.6,40.4,9.9,797.6679,0.143369176,66.6,118375,9744,64384,66.6,256437
6/1/1992,7.8,41.1,10.1,797.27631,0.357909807,66.7,118419,10040,64204,66.7,256742
7/1/1992,7.7,40.1,9.6,798.06816,0.213980029,66.7,118713,9850,64263,66.7,257063
8/1/1992,7.6,38.3,9.7,799.8238,0.284697509,66.6,118826,9787,64405,66.6,257390
9/1/1992,7.6,40.4,8.7,800.1989,0.283889283,66.5,118720,9781,64728,66.5,257704
10/1/1992,7.3,38.1,8,799.55599,0.353857042,66.2,118628,9398,65416,66.2,258004
11/1/1992,7.4,37.3,8,802.69798,0.141043724,66.3,118876,9565,65180,66.3,258280
12/1/1992,7.4,38.5,10.6,806.11869,-0.070422535,66.3,118997,9557,65230,66.3,258546
1/1/1993,7.3,34.8,8.6,809.32543,0.493305144,66.2,119075,9325,65562,66.2,258799
2/1/1993,7.1,33.7,8.9,814.05892,0.350631136,66.2,119275,9183,65650,66.2,259036
3/1/1993,7,36.7,8.9,813.65629,0.34940601,66.2,119542,9056,65650,66.2,259283
4/1/1993,7.1,35.4,8.7,819.75694,0.278551532,66.1,119474,9110,65814,66.1,259547
5/1/1993,7.1,33.7,8.3,819.75905,0.138888889,66.4,120115,9149,65285,66.4,259822
6/1/1993,7,37.6,7.8,823.81181,0.138696255,66.5,120290,9121,65308,66.5,260109
7/1/1993,6.9,34.6,7.6,829.51873,0,66.4,120467,8930,65485,66.4,260411
8/1/1993,6.8,36.5,7.7,834.23553,0.27700831,66.4,120856,8763,65444,66.4,260717
9/1/1993,6.7,35.6,6.9,840.60298,0.20718232,66.2,120554,8714,65991,66.2,261015
10/1/1993,6.8,33,6.3,847.61663,0.413507926,66.3,120823,8750,65871,66.3,261294
11/1/1993,6.6,32.5,6.3,856.52342,0.06863418,66.3,121169,8542,65914,66.3,261550
12/1/1993,6.5,34.2,9.1,865.65058,0,66.4,121464,8477,65853,66.4,261796
1/1/1994,6.6,29.1,7.1,872.02182,0.274348422,66.6,121966,8630,65357,66.6,262021
2/1/1994,6.6,28.4,6.5,880.35286,0.341997264,66.6,122086,8583,65421,66.6,262237
3/1/1994,6.5,26.4,6.8,891.33316,0.340831629,66.5,121930,8470,65813,66.5,262491
4/1/1994,6.4,26.7,6.4,900.98953,0.135869565,66.5,122290,8331,65742,66.5,262754
5/1/1994,6.1,23.6,7.6,912.8637,0.067842605,66.6,122864,7915,65731,66.6,263014
6/1/1994,6.1,23.1,6.9,924.21602,0.338983051,66.4,122634,7927,66132,66.4,263294
7/1/1994,6.1,22.1,7,931.13474,0.27027027,66.4,122706,7946,66207,66.4,263580
8/1/1994,6,22.5,6.5,944.80317,0.404312668,66.6,123342,7933,65768,66.6,263871
9/1/1994,5.9,21.6,6.8,957.3756,0.268456376,66.6,123687,7734,65827,66.6,264159
10/1/1994,5.8,21.8,7.1,968.46871,0.066934404,66.7,124112,7632,65686,66.7,264430
11/1/1994,5.6,21.5,7,981.42611,0.133779264,66.7,124516,7375,65716,66.7,264681
12/1/1994,5.5,20.6,7.2,997.30174,0,66.7,124721,7230,65814,66.7,264924
1/1/1995,5.6,20.9,7.5,1010.39504,0.400801603,66.8,124663,7375,65715,66.8,265157
2/1/1995,5.4,21,7.8,1018.55911,0.399201597,66.8,124928,7187,65770,66.8,265383
3/1/1995,5.4,20.8,7.5,1033.63209,0.331345262,66.7,124955,7153,65899,66.7,265625
4/1/1995,5.8,21.1,6.9,1043.69517,0.330250991,66.9,124945,7645,65558,66.9,265877
5/1/1995,5.6,22.2,7.1,1057.47083,0.197498354,66.5,124421,7430,66435,66.5,266134
6/1/1995,5.6,21.4,6.7,1069.37791,0.197109067,66.5,124522,7427,66504,66.5,266414
7/1/1995,5.7,22.2,7.1,1077.737,0,66.6,124816,7527,66272,66.6,266700
8/1/1995,5.7,22,6.7,1089.60205,0.262295082,66.6,124852,7484,66465,66.6,266998
9/1/1995,5.6,21.7,6.8,1106.61268,0.196206671,66.6,125133,7478,66394,66.6,267304
10/1/1995,5.5,22.9,7.1,1113.52851,0.326370757,66.6,125388,7328,66476,66.6,267585
11/1/1995,5.6,22.3,6.6,1132.16017,-0.065061809,66.5,125188,7426,66741,66.5,267829
12/1/1995,5.6,22.2,6.1,1140.74436,-0.065104167,66.4,125088,7423,66997,66.4,268047
1/1/1996,5.6,23.5,6.7,1153.2703,0.586319218,66.4,125125,7491,67018,66.4,268258
2/1/1996,5.5,23.1,6.7,1163.09378,0.323834197,66.6,125639,7313,66820,66.6,268480
3/1/1996,5.5,22.4,6.6,1171.68426,0.516462234,66.6,125862,7318,66741,66.6,268724
4/1/1996,5.6,23.8,5.7,1180.9031,0.385356455,66.7,125994,7415,66692,66.7,268980
5/1/1996,5.6,22.2,6.7,1191.11369,0.19193858,66.7,126244,7423,66611,66.7,269247
6/1/1996,5.3,22.2,7.1,1200.95002,0.06385696,66.7,126602,7095,66762,66.7,269527
7/1/1996,5.5,22.2,6.7,1211.89736,0.191448628,66.9,126947,7337,66357,66.9,269822
8/1/1996,5.1,20.8,6.6,1220.503,0.191082803,66.7,127172,6882,66793,66.7,270130
9/1/1996,5.2,21.9,6.7,1225.27176,0.317863954,66.9,127536,6979,66546,66.9,270433
10/1/1996,5.2,21.8,6.4,1231.3361,0.316856781,67,127890,7031,66352,67,270730
11/1/1996,5.4,21.1,6.4,1242.42191,0.189513582,67,127771,7236,66456,67,271002
12/1/1996,5.4,22.2,6.4,1253.43709,0,67,127860,7253,66523,67,271243
1/1/1997,5.3,21,6.2,1258.36528,0.315258512,67,128298,7158,66829,67,271472
2/1/1997,5.2,20.9,6.2,1261.85081,0.314267756,66.9,128298,7102,66988,66.9,271703
3/1/1997,5.2,21,6.4,1264.14634,0.250626566,67.1,128891,7000,66622,67.1,271952
4/1/1997,5.1,21,6.5,1274.08738,0.125,67.1,129143,6873,66658,67.1,272213
5/1/1997,4.9,19.7,6.8,1278.67842,-0.062421973,67.1,129464,6655,66713,67.1,272482
6/1/1997,5,20.4,6.6,1282.85852,0.124921924,67.1,129412,6799,66789,67.1,272767
7/1/1997,4.9,19.7,6.1,1288.78203,0.124766064,67.2,129822,6655,66689,67.2,273074
8/1/1997,4.8,19.1,6,1294.21924,0.186915888,67.2,130010,6608,66746,67.2,273395
9/1/1997,4.9,20.2,6.2,1301.63497,0.248756219,67.1,130019,6656,66895,67.1,273703
10/1/1997,4.7,18.8,6.2,1309.38939,0.248138958,67.1,130179,6454,67134,67.1,273989
11/1/1997,4.6,19.6,6.4,1312.45718,-0.061881188,67.2,130653,6308,66980,67.2,274249
12/1/1997,4.7,19.9,6.4,1324.75733,-0.123839009,67.2,130679,6476,66943,67.2,274499
1/1/1998,4.6,19,7.4,1320.04402,0.185988841,67.1,130726,6368,67143,67.1,274732
2/1/1998,4.6,19.3,7.4,1324.34272,0.185643564,67.1,130807,6306,67288,67.1,274943
3/1/1998,4.7,19.9,7.5,1332.90344,0.185299568,67.1,130814,6422,67311,67.1,275175
4/1/1998,4.3,19.3,7.2,1360.45629,0.184956843,67,131209,5941,67581,67,275434
5/1/1998,4.4,18.9,6.9,1363.08086,0.184615385,67,131325,6047,67527,67,275700
6/1/1998,4.5,19.7,6.8,1373.94233,0.122850123,67,131244,6212,67630,67,275976
7/1/1998,4.5,20.2,6.9,1380.72085,0.122699387,67,131329,6259,67682,67,276266
8/1/1998,4.5,20.7,6.8,1386.66645,0.12254902,67,131390,6179,67910,67,276566
9/1/1998,4.6,19.9,6.4,1397.28973,0.122399021,67.2,131986,6300,67413,67.2,276859
10/1/1998,4.5,18.7,6.2,1405.39666,0.244498778,67.2,131999,6280,67640,67.2,277140
11/1/1998,4.4,20.5,6.3,1408.44269,0,67.1,132280,6100,67723,67.1,277402
12/1/1998,4.4,20.2,5.8,1420.99644,-0.06097561,67.2,132602,6032,67635,67.2,277658
1/1/1999,4.3,20.6,6.4,1431.23693,0.244051251,67.2,133027,5976,67715,67.2,277891
2/1/1999,4.4,20.4,6.3,1441.31459,0.121728545,67.2,132856,6111,67906,67.2,278095
3/1/1999,4.2,21.4,6,1450.87882,0.303951368,67,132947,5783,68306,67,278324
4/1/1999,4.3,19.8,5,1457.67057,0.727272727,67.1,132955,6004,68277,67.1,278584
5/1/1999,4.2,21.5,4.8,1468.14661,0,67.1,133311,5796,68320,67.1,278859
6/1/1999,4.3,21.3,4.7,1479.31532,0,67.1,133378,5951,68304,67.1,279148
7/1/1999,4.3,19.4,4.8,1492.3776,0.300842359,67.1,133414,6025,68390,67.1,279448
8/1/1999,4.2,21.3,4.7,1503.22661,0.23995201,67,133591,5838,68609,67,279752
9/1/1999,4.2,20.3,4.1,1511.05926,0.478755236,67,133707,5915,68642,67,280053
10/1/1999,4.1,19.9,4.4,1517.28183,0.178677784,67,133993,5778,68712,67,280337
11/1/1999,4.1,20.5,4.6,1525.33442,0.059453032,67.1,134309,5716,68641,67.1,280594
12/1/1999,4,19.6,4.2,1531.10596,0,67.1,134523,5653,68655,67.1,280846
1/1/2000,4,20.9,5,1538.52018,0.297088532,67.3,136559,5708,69142,67.3,281083
2/1/2000,4.1,21.2,4.5,1549.18529,0.592417062,67.3,136598,5858,69120,67.3,281299
3/1/2000,4,19.6,4.3,1561.45069,0.824499411,67.3,136701,5733,69338,67.3,281531
4/1/2000,3.8,20.3,4.8,1570.52774,0.058411215,67.3,137270,5481,69267,67.3,281763
5/1/2000,4,20.4,4.8,1583.50792,0.116754232,67.1,136630,5758,69853,67.1,281996
6/1/2000,4,19.2,4.8,1609.54804,0.524781341,67.1,136940,5651,69876,67.1,282247
7/1/2000,4,20.8,5.1,1629.75144,0.232018561,66.9,136531,5747,70398,66.9,282504
8/1/2000,4.1,20.4,5.2,1651.6154,0,66.9,136662,5853,70401,66.9,282769
9/1/2000,3.9,20.5,4.5,1669.00081,0.520833333,66.9,136893,5625,70645,66.9,283033
10/1/2000,3.9,21.8,4.8,1684.59932,0.172711572,66.8,137088,5534,70782,66.8,283285
11/1/2000,3.9,21,4.7,1700.94454,0.057471264,66.9,137322,5639,70579,66.9,283523
12/1/2000,3.9,22.7,4.4,1716.96972,-0.057438254,67,137614,5634,70488,67,283748
1/1/2001,4.2,27.3,4.9,1729.85168,0.632183908,67.2,137778,6023,70088,67.2,283960
2/1/2001,4.2,25.4,5,1748.70202,0.399771559,67.1,137612,6089,70409,67.1,284166
3/1/2001,4.3,23.7,5.3,1760.54184,0.227531286,67.2,137783,6141,70381,67.2,284380
4/1/2001,4.4,27.3,5.1,1773.09833,0.397275823,66.9,137299,6271,70956,66.9,284602
5/1/2001,4.3,29.1,4.5,1781.17746,0.4522329,66.7,137092,6226,71414,66.7,284834
6/1/2001,4.5,28.8,4.4,1792.36809,0.16882386,66.7,136873,6484,71592,66.7,285076
7/1/2001,4.6,33.1,5.6,1797.35057,-0.280898876,66.8,137071,6583,71526,66.8,285324
8/1/2001,4.9,30.6,6.6,1806.35904,0,66.5,136241,7042,72136,66.5,285584
9/1/2001,5,35.7,7,1814.25238,0.450704225,66.8,136846,7142,71676,66.8,285842
10/1/2001,5.3,39.2,3.1,1829.84026,-0.336511497,66.7,136392,7694,71817,66.7,286086
11/1/2001,5.5,40.2,3.5,1857.84279,-0.16882386,66.7,136238,8003,71876,66.7,286315
12/1/2001,5.7,42.6,3.8,1867.85287,-0.394588501,66.7,136047,8258,72010,66.7,286533
1/1/2002,5.7,40.8,5.7,1867.41869,0.226372383,66.5,135701,8182,72623,66.5,286739
2/1/2002,5.7,41.8,5.5,1881.90537,0.395256917,66.8,136438,8215,72010,66.8,286935
3/1/2002,5.7,45.9,5.6,1894.69033,0.562429696,66.6,136177,8304,72343,66.6,287131
4/1/2002,5.9,59,5.5,1903.95799,0.559284116,66.7,136126,8599,72281,66.7,287343
5/1/2002,5.8,62.8,6.2,1914.61399,0,66.7,136539,8399,72260,66.7,287571
6/1/2002,5.8,59.7,6.2,1927.18098,0.055617353,66.6,136415,8393,72600,66.6,287808
7/1/2002,5.8,57.9,5.4,1939.2114,0.111172874,66.5,136413,8390,72827,66.5,288051
8/1/2002,5.7,56.4,5.4,1947.50009,0.333148251,66.6,136705,8304,72856,66.6,288303
9/1/2002,5.7,56.5,5.9,1950.65139,0.166021029,66.7,137302,8251,72554,66.7,288554
10/1/2002,5.7,55.4,5.8,1957.1513,0.165745856,66.6,137008,8307,73026,66.6,288794
11/1/2002,5.9,52,5.8,1965.17913,0,66.4,136521,8520,73508,66.4,289012
12/1/2002,6,53.7,5.4,1972.11221,-0.220628792,66.3,136426,8640,73675,66.3,289214
1/1/2003,5.8,51.1,5.4,1982.56131,0.442233278,66.4,137417,8520,73960,66.4,289412
2/1/2003,5.9,51.1,5.3,1993.40569,0.770500826,66.4,137482,8618,74015,66.4,289606
3/1/2003,5.9,53.1,5,2001.20815,0.60076461,66.3,137434,8588,74295,66.3,289809
4/1/2003,6,54.8,5.1,2014.09978,-0.217155266,66.4,137633,8842,74066,66.4,290024
5/1/2003,6.1,54.8,5.5,2027.50251,-0.163220892,66.4,137544,8957,74268,66.4,290250
6/1/2003,6.3,56.1,5.3,2033.26841,0.108991826,66.5,137790,9266,73958,66.5,290484
7/1/2003,6.2,54.7,6.1,2040.06439,0.108873163,66.2,137474,9011,74767,66.2,290726
8/1/2003,6.1,53.6,5.9,2049.12434,0.380641653,66.1,137549,8896,75062,66.1,290974
9/1/2003,6.1,54.4,5.1,2057.09079,0.325027086,66.1,137609,8921,75249,66.1,291222
10/1/2003,6,52.8,5.3,2065.4951,-0.107991361,66.1,137984,8732,75324,66.1,291463
11/1/2003,5.8,50.5,5.3,2066.40009,-0.27027027,66.1,138424,8576,75280,66.1,291677
12/1/2003,5.7,51.1,5.2,2077.36069,-0.108401084,65.9,138411,8317,75780,65.9,291868
1/1/2004,5.7,46.2,4.9,2088.24304,0.488334238,66.1,138472,8370,75319,66.1,292046
2/1/2004,5.6,42,4.9,2095.34036,0.539956803,66,138542,8167,75648,66,292230
3/1/2004,5.8,38.5,4.7,2109.72032,0.644468314,66,138453,8491,75606,66,292434
4/1/2004,5.6,36.3,5.1,2112.71615,0.320170758,65.9,138680,8170,75907,65.9,292651
5/1/2004,5.6,35.8,5.1,2120.83915,0.585106383,66,138852,8212,75903,66,292872
6/1/2004,5.6,35.5,5.6,2127.98941,0.317292438,66.1,139174,8286,75735,66.1,293103
7/1/2004,5.5,35,5,2137.09298,-0.158144439,66.1,139556,8136,75730,66.1,293350
8/1/2004,5.4,34.9,5,2143.43512,0.05279831,66,139573,7990,76113,66,293603
9/1/2004,5.4,34.2,4.4,2160.1483,0.211081794,65.8,139487,7927,76526,65.8,293857
10/1/2004,5.5,33.3,4.3,2176.71934,0.526592944,65.9,139732,8061,76399,65.9,294104
11/1/2004,5.4,32.9,3.8,2183.74635,0.052383447,66,140231,7932,76259,66,294337
12/1/2004,5.4,32.5,6.6,2192.24617,-0.366492147,65.9,140125,7934,76581,65.9,294561
1/1/2005,5.3,32.7,3.2,2196.77763,0.21019443,65.8,140245,7784,76808,65.8,294768
2/1/2005,5.4,31.9,2.9,2211.55871,0.576822234,65.9,140385,7980,76677,65.9,294955
3/1/2005,5.2,31.6,3.1,2220.19919,0.782064651,65.9,140654,7737,76846,65.9,295149
4/1/2005,5.2,30.9,2.7,2232.53538,0.672529747,66.1,141254,7672,76514,66.1,295359
5/1/2005,5.1,30.9,3.2,2232.67152,-0.102774923,66.1,141609,7651,76409,66.1,295582
6/1/2005,5,30.9,2.6,2247.83343,0.051440329,66.1,141714,7524,76673,66.1,295824
7/1/2005,5,30.9,2.1,2257.23094,0.462724936,66.1,142026,7406,76721,66.1,296077
8/1/2005,4.9,30.9,2.6,2267.04488,0.511770727,66.2,142434,7345,76642,66.2,296338
9/1/2005,5,32.8,2.7,2271.63328,1.221995927,66.1,142401,7553,76739,66.1,296606
10/1/2005,5,33.5,2.9,2276.84314,0.201207243,66.1,142548,7453,76958,66.1,296857
11/1/2005,5,32.2,3.2,2283.66127,-0.803212851,66,142499,7566,77138,66,297089
12/1/2005,4.9,32,3.1,2290.92813,-0.4048583,66,142752,7279,77394,66,297311
1/1/2006,4.7,30.8,3.7,2367.47108,0.762195122,66,143150,7064,77339,66,297526
2/1/2006,4.8,30.3,3.9,2374.97732,0.201714574,66.1,143457,7184,77122,66.1,297734
3/1/2006,4.7,29.8,4.1,2385.80789,0.55359839,66.2,143741,7072,77161,66.2,297950
4/1/2006,4.7,29.4,3.8,2397.6806,0.850850851,66.1,143761,7120,77318,66.1,298170
5/1/2006,4.6,29.4,3.6,2407.16145,0.496277916,66.1,144089,6980,77359,66.1,298401
6/1/2006,4.6,29.7,3.7,2395.81318,0.197530864,66.2,144353,7001,77317,66.2,298653
7/1/2006,4.7,30.5,3.1,2403.09925,0.295712173,66.1,144202,7175,77535,66.1,298910
8/1/2006,4.7,30.7,3.3,2415.73203,0.196560197,66.2,144625,7091,77451,66.2,299178
9/1/2006,4.5,30.5,3.2,2426.81323,-0.490436488,66.1,144815,6847,77757,66.1,299452
10/1/2006,4.4,30.6,3.2,2429.39986,-0.542138985,66.2,145314,6727,77634,66.2,299710
11/1/2006,4.5,31.2,3.6,2440.74907,-0.148662042,66.3,145534,6872,77499,66.3,299950
12/1/2006,4.4,31.5,3.5,2456.7157,0.148883375,66.4,145970,6762,77376,66.4,300178
1/1/2007,4.6,32.1,3.2,2457.94558,0.305252725,66.4,146028,7116,77506,66.4,300398
2/1/2007,4.5,32.7,3.6,2470.04992,0.535036756,66.3,146057,6927,77851,66.3,300608
3/1/2007,4.4,32,3.9,2484.43318,0.910569585,66.2,146320,6731,77982,66.2,300823
4/1/2007,4.5,32,3.8,2493.72977,0.649616269,65.9,145586,6850,78818,65.9,301045
5/1/2007,4.4,31.6,3.6,2510.01606,0.611071867,66,145903,6766,78810,66,301278
6/1/2007,4.6,31.9,3.5,2519.12104,0.193797518,66,146063,6979,78671,66,301528
7/1/2007,4.7,32.8,3.4,2533.66767,-0.025437721,66,145905,7149,78904,66,301790
8/1/2007,4.6,32.9,3.1,2552.76707,-0.183390223,65.8,145682,7067,79461,65.8,302064
9/1/2007,4.7,32.8,3.1,2566.99536,0.275590741,66,146244,7170,79047,66,302334
10/1/2007,4.7,33.2,3,2582.32603,0.213919133,65.8,145946,7237,79532,65.8,302590
11/1/2007,4.7,33.7,2.8,2597.6493,0.593961787,66,146595,7240,79105,66,302834
12/1/2007,5,35.2,3.2,2609.47653,-0.067086313,66,146273,7645,79238,66,303062
1/1/2008,5,35.6,3.2,2619.42765,0.497057647,66.2,146378,7685,78554,66.2,303280
2/1/2008,4.9,36.2,3.6,2634.49642,0.290411218,66,146156,7497,79156,66,303494
3/1/2008,5.1,37.1,3.4,2645.60364,0.866821293,66.1,146086,7822,79087,66.1,303707
4/1/2008,5,37.6,2.9,2654.24323,0.606477839,65.9,146132,7637,79429,65.9,303926
5/1/2008,5.4,38.1,7.3,2660.19315,0.842088603,66.1,145908,8395,79102,66.1,304157
6/1/2008,5.6,39,5.1,2662.40952,1.007699693,66.1,145737,8575,79314,66.1,304396
7/1/2008,5.8,45.2,4,2665.32126,0.525101113,66.1,145532,8937,79395,66.1,304646
8/1/2008,6.1,62.9,3.5,2662.23778,-0.399156226,66.1,145203,9438,79466,66.1,304903
9/1/2008,6.1,66.5,4.3,2657.38913,-0.138301854,66,145076,9494,79790,66,305158
10/1/2008,6.5,65.1,5.2,2660.7295,-1.010133328,66,144802,10074,79736,66,305403
11/1/2008,6.8,66.6,6.3,2651.48139,-1.915289533,65.9,144100,10538,80189,65.9,305620
12/1/2008,7.3,83.9,6.2,2643.78896,-1.034247381,65.8,143369,11286,80380,65.8,305827
1/1/2009,7.8,93,6.2,2647.02886,0.435241738,65.7,142152,12058,80529,65.7,306035
2/1/2009,8.3,100,5.6,2638.53274,0.497293304,65.8,141640,12898,80374,65.8,306237
3/1/2009,8.7,111.7,5.9,2622.82785,0.243174846,65.6,140707,13426,80953,65.6,306438
4/1/2009,9,121.8,6.6,2615.97301,0.249636828,65.7,140656,13853,80762,65.7,306645
5/1/2009,9.4,130.7,7.9,2610.01078,0.288876383,65.7,140248,14499,80705,65.7,306863
6/1/2009,9.5,138.5,6.2,2591.47541,0.858989226,65.7,140009,14707,80938,65.7,307090
7/1/2009,9.5,140.6,5.5,2590.85498,-0.158558692,65.5,139901,14601,81367,65.5,307322
8/1/2009,9.6,145.5,4.5,2582.12601,0.224285004,65.4,139492,14814,81780,65.4,307570
9/1/2009,9.8,147.1,5.6,2576.59439,0.062548069,65.1,138818,15009,82495,65.1,307826
10/1/2009,10,144.2,5.2,2563.42273,0.096310119,65,138432,15352,82766,65,308071
11/1/2009,9.9,146.3,5.6,2551.56929,0.070775337,65,138659,15219,82865,65,308289
12/1/2009,9.9,155.2,5.6,2555.01664,-0.176119817,64.6,138013,15098,83813,64.6,308495
1/1/2010,9.8,161.4,5.9,2543.50802,0.341747357,64.8,138438,15046,83349,64.8,308706
2/1/2010,9.8,158.7,5.6,2530.02428,0.024920738,64.9,138581,15113,83304,64.9,308904
3/1/2010,9.9,157.9,5.6,2536.55195,0.410628354,64.9,138751,15202,83206,64.9,309095
4/1/2010,9.9,148.7,6.2,2532.76479,0.173688491,65.2,139297,15325,82707,65.2,309289
5/1/2010,9.6,142.6,6.7,2521.68794,0.077519735,64.9,139241,14849,83409,64.9,309485
6/1/2010,9.4,132.3,6.5,2518.41641,-0.097626708,64.6,139141,14474,84075,64.6,309691
7/1/2010,9.4,121.3,6.4,2521.1048,0.021104306,64.6,139179,14512,84199,64.6,309913
8/1/2010,9.5,141.1,6.5,2520.42213,0.138066428,64.7,139438,14648,84014,64.7,310146
9/1/2010,9.5,130.7,6.5,2522.09423,0.058173623,64.6,139396,14579,84347,64.6,310385
10/1/2010,9.4,127.1,6.3,2530.106,0.124519889,64.4,139119,14516,84895,64.4,310612
11/1/2010,9.8,124.2,6.1,2531.23226,0.042064642,64.6,139044,15081,84590,64.6,310820
12/1/2010,9.3,120.3,6.5,2646.81126,0.171844079,64.3,139301,14348,85240,64.3,311020
1/1/2011,9.1,120.2,6.9,2657.3601,0.476323005,64.2,139250,14013,85441,64.2,311204
2/1/2011,9,115.2,7.2,2663.77992,0.493136503,64.1,139394,13820,85637,64.1,311373
3/1/2011,9,114.6,6.6,2672.03136,0.975107203,64.2,139639,13737,85623,64.2,311551
4/1/2011,9.1,110.4,6.6,2679.97392,0.643942954,64.2,139586,13957,85603,64.2,311740
5/1/2011,9,109.8,6.5,2683.971,0.470418753,64.1,139624,13855,85834,64.1,311935
6/1/2011,9.1,107.6,6.7,2693.0883,-0.107096706,64,139384,13962,86144,64,312147
7/1/2011,9,103.7,6.9,2717.49471,0.088604567,64,139524,13763,86383,64,312372
8/1/2011,9,103.9,6.9,2709.1147,0.27575889,64.1,139942,13818,86111,64.1,312605
9/1/2011,9,101.2,6.5,2720.06046,0.151846212,64.2,140183,13948,85940,64.2,312842
10/1/2011,8.8,100.8,6.5,2727.95336,-0.206268263,64.1,140368,13594,86308,64.1,313060
11/1/2011,8.6,99.6,6.6,2746.76076,-0.084356133,64.1,140826,13302,86312,64.1,313260
12/1/2011,8.5,98.9,7.5,2756.22486,-0.246651638,64,140902,13093,86589,64,313454
1/1/2012,8.3,97.8,7.8,2769.93098,0.440019143,63.7,141584,12797,87888,63.7,313636
2/1/2012,8.3,94.3,7.8,2777.80358,0.440297355,63.8,141858,12813,87765,63.8,313811
3/1/2012,8.2,91.8,8.2,2791.56594,0.759455862,63.8,142036,12713,87855,63.8,313993
4/1/2012,8.2,89.9,8.5,2802.54618,0.30210295,63.7,141899,12646,88239,63.7,314176
5/1/2012,8.2,85.7,8.6,2818.39729,-0.117347937,63.7,142206,12660,88100,63.7,314368
6/1/2012,8.2,83.1,8.6,2829.85078,-0.146639688,63.8,142391,12692,88073,63.8,314576
7/1/2012,8.2,81.1,7.8,2840.09463,-0.162978586,63.7,142292,12656,88405,63.7,314796
8/1/2012,8.1,78.2,7.6,2857.10779,0.556515818,63.5,142291,12471,88803,63.5,315031
9/1/2012,7.8,76.1,8.1,2865.78973,0.446221227,63.6,143044,12115,88613,63.6,315264
10/1/2012,7.8,75.4,8.7,2881.76267,-0.038892514,63.8,143431,12124,88429,63.8,315485
11/1/2012,7.7,75.9,9.5,2903.31606,-0.473808669,63.6,143333,12005,88836,63.6,315692
12/1/2012,7.9,74.1,11.6,2912.90502,-0.269306449,63.7,143330,12298,88722,63.7,315877
1/1/2013,8,70.5,5.9,2930.70325,0.295730419,63.7,143292,12471,88900,63.7,316038
2/1/2013,7.7,68.8,5.6,2950.55705,0.819002953,63.4,143362,11950,89516,63.4,316191
3/1/2013,7.5,67.7,5.9,2961.00546,0.261450858,63.3,143316,11689,89990,63.3,316357
4/1/2013,7.6,66.2,6.2,2972.09059,-0.103963948,63.4,143635,11760,89780,63.4,316535
5/1/2013,7.5,64.9,6.4,2986.93636,0.178040777,63.4,143882,11654,89827,63.4,316729
6/1/2013,7.5,63.2,6.5,3000.13761,0.239970809,63.4,143999,11751,89803,63.4,316934
7/1/2013,7.3,61.3,6.3,3015.14301,0.039399753,63.3,144264,11335,90156,63.3,317156
8/1/2013,7.2,58.9,6.4,3029.98525,0.120293156,63.3,144326,11279,90355,63.3,317397
9/1/2013,7.2,57.1,6.5,3045.91769,0.116300449,63.2,144418,11270,90481,63.2,317635
10/1/2013,7.2,57.2,6,3062.67334,-0.257528326,62.8,143537,11136,91708,62.8,317864
11/1/2013,6.9,56.2,5.8,3076.9589,-0.204242419,63,144479,10787,91302,63,318076
12/1/2013,6.7,58.1,6,3090.46778,-0.00858115,62.9,144778,10404,91563,62.9,318276
1/1/2014,6.6,41.2,6.7,3110.22039,0.372024767,62.9,145150,10202,91563,62.9,318464
2/1/2014,6.7,38.3,6.6,3127.59853,0.369790865,62.9,145134,10349,91603,62.9,318642
3/1/2014,6.7,37.5,6.7,3145.2723,0.644004413,63.1,145648,10380,91230,63.1,318827
4/1/2014,6.2,36.6,6.9,3169.33472,0.329675445,62.8,145667,9702,92070,62.8,319020
5/1/2014,6.3,35.7,7.1,3187.75716,0.349260984,62.9,145825,9859,91938,62.9,319225
6/1/2014,6.1,35.1,7.1,3205.13244,0.186212694,62.8,146247,9460,92107,62.8,319438
7/1/2014,6.2,34.4,7.2,3227.40499,-0.039019396,62.9,146399,9608,92016,62.9,319670
8/1/2014,6.1,34.1,7,3243.46835,-0.167051417,62.9,146530,9599,92099,62.9,319919
9/1/2014,5.9,33.6,7.2,3259.48813,0.075256882,62.8,146778,9262,92406,62.8,320166
10/1/2014,5.7,32.9,7.1,3269.65745,-0.251227781,62.9,147427,8990,92240,62.9,320403
11/1/2014,5.8,32.9,7.3,3283.68655,-0.539941794,62.9,147404,9090,92350,62.9,320616
12/1/2014,5.6,33.2,7.7,3309.53985,-0.567010091,62.8,147615,8717,92695,62.8,320815
1/1/2015,5.7,32.9,8,3316.71672,-0.470589237,62.9,148145,8885,92694,62.9,320997
2/1/2015,5.5,32.9,8.1,3332.9446,0.434304492,62.7,148045,8599,93256,62.7,321164
3/1/2015,5.4,32.9,7.7,3357.4702,0.595172161,62.6,148128,8515,93437,62.6,321344
4/1/2015,5.4,32.3,7.6,3379.35387,0.203287325,62.8,148511,8550,93205,62.8,321538
5/1/2015,5.6,32.3,7.5,3396.24822,0.509723203,62.9,148817,8834,92804,62.9,321740
6/1/2015,5.3,32.6,7.4,3420.42657,0.350287,62.7,148816,8247,93601,62.7,321954
7/1/2015,5.2,32.3,7.3,3439.28145,0.006704716,62.6,148830,8167,93880,62.6,322186
8/1/2015,5.1,32.6,7.3,3453.86482,-0.141627628,62.6,149181,7992,93924,62.6,322427
9/1/2015,5,32.6,7.4,3481.2455,-0.155675658,62.4,148826,7907,94592,62.4,322670
10/1/2015,5,32.2,7.5,3497.67601,-0.044968375,62.5,149246,7922,94374,62.5,322901
11/1/2015,5.1,32.5,7.3,3512.73828,-0.211068038,62.5,149463,8000,94284,62.5,323113
12/1/2015,5,32.5,7.4,3400.22322,-0.341709644,62.7,150128,7907,93901,62.7,323318
1/1/2016,4.8,32.6,7.7,3418.76263,0.165310221,62.7,150653,7627,94117,62.7,323509
2/1/2016,4.9,32.5,7.2,3436.24154,0.082307653,62.8,150939,7702,93937,62.8,323687
3/1/2016,5,32.2,7.6,3464.86358,0.430600014,63,151218,7961,93589,63,323871
4/1/2016,5.1,32.1,7.2,3484.75416,0.474106798,62.9,151074,8067,93828,62.9,324061
5/1/2016,4.8,32.5,6.9,3502.63631,0.4045791,62.7,151132,7652,94390,62.7,324260
6/1/2016,4.9,32.4,6.6,3520.78974,0.328436617,62.7,151223,7744,94430,62.7,324476
7/1/2016,4.8,32.1,6.8,3539.34564,-0.16181364,62.8,151554,7641,94426,62.8,324697
8/1/2016,4.9,32.4,6.8,3561.04875,0.091843011,62.9,151779,7784,94292,62.9,324924
9/1/2016,5,31.8,6.8,3581.72467,0.240399586,62.9,151761,7953,94377,62.9,325155
10/1/2016,4.9,31.3,6.9,3597.62748,0.124674851,62.8,151793,7811,94716,62.8,325368
11/1/2016,4.7,31.1,7,3619.27278,-0.155546087,62.7,151954,7553,95034,62.7,325562
12/1/2016,4.7,31.4,6.5,3636.43566,0.032732139,62.7,152157,7521,95064,62.7,325742
1/1/2017,4.7,31.7,6.9,3653.3492,0.582772789,62.8,152152,7468,94462,62.8,325901
2/1/2017,4.6,31.4,7.2,3669.97996,0.314611739,62.9,152480,7379,94386,62.9,326050
3/1/2017,4.4,30.9,7.2,3685.36911,0.081279787,62.9,153065,7073,94277,62.9,326207
4/1/2017,4.4,29.9,7.3,3700.00266,0.296553337,63,153255,7089,94243,63,326371
5/1/2017,4.4,29.2,7.8,3714.14277,0.085472183,62.8,153069,7000,94699,62.8,326548
6/1/2017,4.3,29.6,7.5,3727.13115,0.090711101,62.8,153318,6873,94766,62.8,326743
7/1/2017,4.3,29.8,7.6,3743.42629,-0.068992264,62.9,153569,6892,94689,62.9,326939
8/1/2017,4.4,29.7,7.6,3755.18326,0.29944523,62.9,153503,7082,94771,62.9,327140
9/1/2017,4.3,29.3,7.3,3770.17252,0.529490589,63.1,154286,6854,94423,63.1,327342
10/1/2017,4.2,29.5,7.4,3794.38074,-0.06320421,62.7,153609,6700,95457,62.7,327528
11/1/2017,4.2,30.5,6.9,3816.53989,0.002432469,62.7,153805,6774,95370,62.7,327699
12/1/2017,4.1,30.7,6.3,3830.75167,-0.058783228,62.7,153904,6632,95574,62.7,327848
1/1/2018,4,30.4,7.1,3848.40463,0.544774545,62.7,154493,6505,95782,62.7,327969
2/1/2018,4.1,29.7,7.2,3864.42147,0.453468997,63,155259,6586,95088,63,328085
3/1/2018,4,28.9,7.2,3876.81373,0.22611259,62.9,155303,6457,95338,62.9,328219
4/1/2018,4,27.9,7.2,3885.88228,0.397509156,62.9,155362,6448,95462,62.9,328364
5/1/2018,3.8,26.5,7.2,3902.72967,0.415891693,62.9,155694,6188,95571,62.9,328521
6/1/2018,4,26.6,7.4,3901.81232,0.15938757,62.9,155734,6446,95462,62.9,328692
7/1/2018,3.8,27,7.5,3924.34742,0.006746326,62.9,156115,6173,95554,62.9,328863
8/1/2018,3.8,26.8,7.6,3943.096,0.055554233,62.7,155512,6167,96387,62.7,329040
9/1/2018,3.7,25.8,7.7,3955.67614,0.116202518,62.7,155970,6065,96255,62.7,329216
10/1/2018,3.8,26.3,7.6,3974.99606,0.176676346,62.9,156294,6230,95990,62.9,329379
11/1/2018,3.8,28,7.5,3992.03965,-0.334934852,62.9,156606,6132,95969,62.9,329527
12/1/2018,3.9,29.1,9.4,4007.04189,-0.319396282,63,156767,6379,95742,63,329659
1/1/2019,4,29.5,9.3,4027.31566,0.190659667,63.1,156614,6458,95168,63.1,329766
2/1/2019,3.8,29.7,9.5,4040.92366,0.422705314,63.1,156992,6122,95278,63.1,329862
3/1/2019,3.8,29,9.1,4053.38217,0.564135836,63.1,156869,6166,95502,63.1,329977
4/1/2019,3.6,27.1,8.9,4072.88944,0.529500161,62.9,156744,5898,96051,62.9,330103
5/1/2019,3.6,26.7,8.6,4085.97556,0.212875859,62.9,156868,5935,96058,62.9,330240
6/1/2019,3.6,26.9,8.5,4094.05562,0.019914718,62.9,157123,5906,96008,62.9,330393
7/1/2019,3.7,26.9,8.4,4117.32184,0.167094162,63.1,157488,5984,95753,63.1,330553
8/1/2019,3.7,26.6,8.7,4131.68956,-0.005066824,63.1,157780,5993,95658,63.1,330729
9/1/2019,3.5,25.6,8.9,4144.27758,0.078344858,63.2,158249,5766,95623,63.2,330904
10/1/2019,3.6,26.5,8.9,4162.39219,0.228619055,63.2,158356,5980,95509,63.2,331066
11/1/2019,3.6,27.8,8.9,4164.58613,-0.053624303,63.2,158504,5930,95586,63.2,331213
12/1/2019,3.6,28.7,8.3,4192.1914,-0.090976953,63.3,158772,5861,95549,63.3,331345
1/1/2020,3.5,27.8,9.1,4207.68633,0.387976994,63.4,158653,5826,95023,63.4,331443
2/1/2020,3.5,26.9,9.3,4221.3581,0.274061813,63.4,158866,5717,95045,63.4,331525
3/1/2020,4.4,67.5,13.8,4208.19843,-0.217645103,62.7,155599,7165,96994,62.7,331633
4/1/2020,14.7,405.4,33.8,4146.96836,-0.668694187,60.2,133320,23038,103538,60.2,331680
5/1/2020,13.2,1215.7,24.9,4127.29403,0.001950162,60.8,137182,20940,101925,60.8,331678
6/1/2020,11,1401.5,20.1,4137.15771,0.547204693,61.4,142218,17616,100370,61.4,331718
7/1/2020,10.2,1413.1,19.2,4152.18338,0.50582435,61.5,143727,16288,100358,61.5,331777
8/1/2020,8.4,635.2,15.5,4146.76568,0.315321052,61.7,147176,13532,99851,61.7,331839
9/1/2020,7.9,330.4,14.6,4161.81817,0.139274694,61.4,147569,12584,100590,61.4,331907
10/1/2020,6.9,307.1,14,4167.84505,0.041493776,61.6,149719,11115,100091,61.6,331971
11/1/2020,6.7,292.8,13.3,4172.23635,-0.061062722,61.5,149761,10777,100546,61.5,331996
12/1/2020,6.7,325.6,13.8,4184.85251,0.094147847,61.5,149883,10789,100559,61.5,331968
1/1/2021,6.4,579.5,20,4195.65799,0.425378349,61.4,150004,10180,100667,61.4,331943
2/1/2021,6.2,546.1,13.4,4213.47358,0.547438279,61.5,150367,9992,100560,61.5,331950
3/1/2021,6,543,26.3,4228.54907,0.708327313,61.5,150940,9691,100372,61.5,331953
4/1/2021,6,489.3,12.8,4247.38124,0.821890915,61.7,151259,9719,100125,61.7,331963
5/1/2021,5.8,458.3,10.3,4274.13858,0.801710515,61.6,151550,9251,100409,61.6,332008
6/1/2021,5.9,398.1,9.3,4297.37767,0.92906629,61.6,151612,9502,100224,61.6,332092
7/1/2021,5.4,333.3,9.9,4313.3381,0.481052353,61.7,152704,8671,100094,61.7,332192
8/1/2021,5.2,319.8,9.5,4331.52876,0.206591136,61.7,153167,8339,100106,61.7,332295
9/1/2021,4.7,82.3,7.9,4355.2067,0.271597086,61.7,153806,7666,100294,61.7,332403
10/1/2021,4.6,40.3,7.3,4376.02643,0.830811855,61.7,154234,7375,100298,61.7,332513
11/1/2021,4.2,33,7.1,4407.63106,0.49134275,61.9,155324,6802,99902,61.9,332598
12/1/2021,3.9,27.9,7.5,4430.82386,0.307251716,61.9,155975,6319,99842,61.9,332640
1/1/2022,4,25.5,4.7,4445.1641,0.841457378,62.2,157174,6513,99516,62.2,332684
2/1/2022,3.8,23.6,4.5,4478.71995,0.913397926,62.3,157722,6270,99333,62.3,332750
3/1/2022,3.6,21.7,3.8,4523.97841,1.335137955,62.4,158458,5952,99035,62.4,332812
4/1/2022,3.6,19.5,3.7,4555.24543,0.558253103,62.2,158105,5941,99513,62.2,332863
5/1/2022,3.6,18.2,3.6,4582.17791,1.1023524,62.3,158426,5950,99302,62.3,332928
6/1/2022,3.6,18.1,3,4621.87848,1.373607576,62.2,158111,5912,99812,62.2,333028
7/1/2022,3.5,18.7,3.5,4647.98103,-0.011811914,62.1,158290,5670,100051,62.1,333137
8/1/2022,3.7,19.1,3.5,4680.22242,#,62.4,158732,6014,99438,62.4,333240
9/1/2022,3.5,#,#,#,#,62.3,158936,5753,99667,62.3,#
10/1/2022,#,#,#,#,#,#,#,#,#,#,#
